{
  "hosting": {
    "site": "fitterverse",
    "public": "dist",
    "ignore": ["firebase.json", "**/.*", "**/node_modules/**"],
    "headers": [
      { "source": "**/*.@(js|css)", "headers": [{ "key": "Cache-Control", "value": "public, max-age=31536000, immutable" }] },
      { "source": "/index.html", "headers": [{ "key": "Cache-Control", "value": "no-cache" }] }
    ],
    "rewrites": [{ "source": "**", "destination": "/index.html" }]
  },
  "firestore": {
    "rules": "firestore.rules"
  }
}
